id,name,dob,address,email
1,Jeremy Thornton,1985-03-24,"059 Russell Canyon, Michaelton, MH 47399",evelynestrada@example.com
2,Stacey Russell,1988-05-24,"26025 Pham Way, West Erik, UT 14669",ebrennan@example.org
3,Thomas Bailey,1998-12-27,"36541 Bell Pass, Frazierside, MA 04118",wileyjose@example.net
4,Deborah Rodriguez,1978-07-13,"9816 Jonathan Station Suite 088, West Ryan, TN 43780",
5,Jason Powell,1971-03-03,"629 Sullivan Village Apt. 443, Floydmouth, NH 58406",glowe@example.com
6,  Toni Fitzgerald  ,1990-06-02,"34332 Brandon Mountains Apt. 769, Lake Heather, NM 52884",dylanwatts@example.org
7,Colleen Brock,1992-05-20,"72788 Dodson Mills, Rivasside, NV 21362",wcole@example.org
8,Destiny Strickland,1981-03-08,"43455 Devon Fort Suite 231, Russellside, NH 54997",clarkrobert@example.net
9,Alicia Gilmore,1986-01-04,"6688 Tracy Groves Suite 706, Elizabethfurt, VA 22133",ncalhoun@example.net
10,James Elliott,1956-12-07,"2046 Lewis Islands, Kathleenfurt, KY 99068",fking at example.com
11,Joshua Cooke,1974-01-17,"33092 David Skyway, New Staciemouth, UT 34087",gary91@example.org
12,Ashley Johnson,1972-01-13,"3193 Heidi Hollow Apt. 905, Stanleyland, NY 85375",alexander67@example.org
13,  Jack Snow  ,1979-11-13,"849 Marshall Views, Marcusbury, MP 11860",nicole37 at example.net
14,Jamie Johnson,2000-07-08,"4549 Peters Path, North John, MT 64539",hannahbrewer@example.com
15,Alan Phillips,1976-12-06,"8856 Bell Motorway Suite 443, Lake Jamesville, WA 70737",jamesrodgers@example.com
16,Vanessa Warren,1970-07-01,"3524 Jean Crossroad, Brandonton, OH 38791",danamullins@example.org
17,  Laura Harrison  ,,"7116 Jones Roads, East Edwardshire, ME 11665",davidduran@example.net
18,Lisa Rowe,1975-08-29,"PSC 4964, Box 9909, APO AP 13507",colleenbaker@example.org
19,Christopher Jones,1955-08-22,"0344 Jones Fort Suite 936, New Jeffreyberg, PW 35317",charlesmartin@example.com
20,Samantha Morse,1978-10-10,"648 Kim Rapid Apt. 659, Anthonybury, TX 75893",keyemily@example.com
21,Pamela Thompson,1983-01-02,"96717 Ortiz Islands Apt. 256, Robertsfurt, GU 72603",gibsonleonard@example.com
22,Raymond Hancock,1999-03-22,"0385 Garrett Trace Apt. 348, West Samuel, UT 64033",johnsoncrystal@example.org
23,EMILY SMITH,1977-02-14,"1274 Perry Orchard, Sanchezside, FL 50778",sandraromero@example.org
24,Desiree Tyler,1977-06-28,"USNV Hoover, FPO AA 95665",mary97@example.org
25,John Cook,1995-12-07,"39636 Louis Mountains Suite 627, East Wayneshire, MA 13655",dgarcia@example.org
26,Jennifer Pena,1963-06-09,"9615 Finley Road Suite 809, East Crystalport, IN 98381",hamiltoncorey@example.net
27,Ashlee Jackson,1971-05-16,"45562 Amanda Port Apt. 221, Harveybury, NM 76936",jesselittle@example.com
28,  Adam Ballard  ,2003-04-07,"75946 Bryant Hollow, South Melissa, CT 31592",karmstrong@example.com
29,Elizabeth Spence DDS,1970-01-17,"743 Robinson Field, Ericaberg, SC 13236",parkerscott@example.net
30,Carlos Browning,1972-10-24,"85884 Jonathan Views, Coffeyport, WA 44897",mcdonaldcharles@example.org
31,Misty Whitney,2006-10-07,"60481 Richardson Summit Suite 965, Lake Jesustown, RI 74085",rose31@example.net
32,Susan Turner,,"7113 Paul Land, Matthewsberg, FM 54880",basschristina@example.com
33,Jacob Ramos,2005-11-17,"585 Raymond Field, Port Madisonland, TN 28302",williamsmatthew@example.org
34,Christine Gallegos,1984-11-14,"2904 Vanessa Plains, Laurenville, TN 03880",alexistyler@example.org
35,Alexis Baker,1962-03-20,"177 Palmer Coves, Gordonton, VA 86864",
36,Jessica Rodriguez,1993-04-04,"9212 Weber Prairie, Oscarhaven, LA 59970",sgarcia@example.org
37,Marilyn Mack,1993-09-14,"65766 Larry Island Suite 527, North Marieland, NE 13157",lisa80@example.net
38,Kristina Santiago,1977-09-04,"049 Bell Ports Apt. 273, West Meganstad, DE 37013",lindsaybruce at example.net
39,Maria Johnson,2004-09-28,"24455 Howard Divide Suite 120, Lake Alyssafurt, MT 59961",eric45@example.net
40,Sophia Moore,1995-06-27,"7679 Perry Forge, West Russellport, TX 89431",trose@example.org
41,William Brown,1966-05-02,"USNS Duran, FPO AA 43508",smithjulie@example.org
42,Joseph Hall,1985-10-02,"60607 Michelle Ports Suite 966, Dariustown, MD 23028",xcollier@example.org
43,Brian Graham,1976-09-21,"535 Charles Roads Apt. 883, Michaelberg, IA 13975",
44,Mary Thompson,1996-06-17,"995 Hernandez Cliff Suite 744, West Williamport, NH 59734",brownmarie@example.org
45,Vanessa Davis,1986-12-26,"9359 Mason Circle, Garciamouth, VT 11554",benjaminzimmerman@example.com
46,Lisa Cox,2004-02-25,"905 Mark Point Suite 449, West Christopher, TN 19038",kyle62@example.net
47,ANGELA HANSEN,1989-08-09,"816 Smith Inlet, East Matthew, WI 64237",jeremytaylor@example.org
48,Richard Romero,1984-02-09,"592 Moore Falls, Lake Samuel, MT 48250",tarabishop@example.net
49,CYNTHIA ALLEN,2006-09-04,"9774 Shaw Manor, Port James, PA 18641",brett75@example.net
50,Michelle Black,1962-02-08,"7826 Stacey Forges, Wilkersontown, MT 07481",pshaw@example.com
51,Jade Johnson DVM,1999-12-23,"04727 Gilbert Common, West Jasonberg, OH 95821",srodriguez@example.org
52,Anthony Barnes,1997-07-30,"9808 Jennifer Highway, Smithstad, IA 75299",qlopez@example.org
53,Heather Ashley,1984-05-02,"7065 Burgess Knolls, West Johnville, WI 76772",dennis58 at example.com
54,Carrie Maxwell,1980-02-15,"17043 Kylie Canyon, Sarahhaven, MO 71677",wking at example.net
55,Howard Norman,2001-05-21,"6676 Beltran Parks, Richardsonhaven, KY 11329",mmiller@example.org
56,Erica Miller,1990-07-12,"75705 Hill Turnpike Apt. 165, North Douglas, PA 89379",ejohnson@example.org
57,  Holly Reyes  ,1985-07-25,"5719 Alyssa Locks Suite 431, Lake Jacobhaven, MS 74120",greenjorge@example.com
58,Logan Benson,2008-05-06,"72715 Mckinney Plaza, Patriciaburgh, VT 93504",laurahicks@example.org
59,Dr. Cynthia Snyder,1974-08-17,"291 Kyle Stravenue Suite 866, East Teresaland, NV 61558",david89@example.org
60,BETTY SHAW,2001-07-07,"2253 Meza Path, Meghanview, ID 83739",david49@example.net
61,Martin Vargas,1986-04-10,"001 Stacy Trail Suite 396, South Pamelaside, LA 84637",timothy64@example.com
62,Anthony Gonzales,1981-03-01,"5562 Robertson Coves, Johnville, KY 59430",donaldwilliams at example.com
63,Jennifer Estes,2003-04-28,"27877 Jimenez Course Suite 873, New Michael, AR 37378",pharper at example.net
64,Joshua Boone,1978-04-05,"5060 Michael Heights Apt. 687, Marciaville, DC 13173",vbrooks@example.net
65,Nicole Gonzalez,1982-06-26,"25787 Catherine Passage, West Sarah, MD 21800",vewing at example.com
66,Katie Hicks,1981-06-17,"55169 Robles Stream Apt. 974, Lake Brett, NJ 22850",rhernandez@example.org
67,Travis Rodriguez,1956-07-02,"3689 Salas Street, Lake Devinborough, OH 43105",ufox@example.org
68,Joseph Payne,1991-04-28,"733 Grant Fork Suite 437, Timothyside, WY 95090",keith98@example.com
69,Jennifer Reed,1996-06-21,"1574 Lewis Views, Sarahview, DC 14817",johnsantiago@example.net
70,David Garcia,1973-01-02,"82677 Katelyn Heights, Justinton, PW 12226",amandasharp@example.org
71,Carrie Khan,1964-10-25,"PSC 6724, Box 0049, APO AP 14565",justin88@example.com
72,Brandi Gordon,1969-12-16,"74205 Bradley Throughway Apt. 296, Robertsonland, MO 88221",lopezdonald at example.com
73,Adriana Reyes,1979-03-06,"9904 Schwartz Circle Apt. 742, Parksport, UT 15890",michael33@example.org
74,Jesse Zhang,1975-04-21,"339 Alicia Pines Suite 191, Port Amyhaven, ID 75566",franklinbond@example.com
75,Daniel Aguilar,1960-04-26,"2867 Angelica Spring, Jenniferfurt, KS 00896",bethwilliams@example.com
76,Kimberly Brown,2002-11-23,"Unit 7046 Box 2265, DPO AA 59291",rbennett@example.net
77,Brandi Dalton,1961-10-14,"Unit 6823 Box 0047, DPO AP 94754",opatel@example.org
78,Christopher Lopez,2001-11-20,"690 Jamie Courts, South Carlaton, IA 97565",moralesjimmy@example.org
79,Patty Taylor,2008-02-26,"953 Walter Shore Apt. 644, New Stacyburgh, SC 89466",dpeters@example.com
80,MEGAN FLOYD,1972-05-23,"6287 Melissa Hills, Port Steven, AR 74214",jfaulkner@example.net
81,David Harris,1989-10-10,"PSC 5183, Box 0469, APO AP 05684",lopezkathleen@example.net
82,Claire Clark,2003-07-29,"31739 Randy Garden, Kimberlyfurt, NH 70447",kyle58@example.com
83,Robert Bowen,1995-11-13,"5609 Joyce Brook, Angelashire, OR 94874",mphillips@example.com
84,Kelly Sanchez,1984-09-06,"USNV Scott, FPO AA 95339",umurray@example.com
85,Nathan Freeman,2004-05-02,"010 Robert Ville, North Jasmine, AL 29169",nbrooks@example.net
86,Lisa Webb,1981-05-10,"08484 Wayne Square Suite 211, East James, NC 33585",joseph61@example.com
87,Judy Sanchez,1992-06-14,"016 Bennett Mountains, Lake Albertburgh, CO 66018",vnewman@example.net
88,Valerie Jacobson,2004-03-19,"0148 Harry Vista Suite 039, Port Lori, GU 52706",evansanne@example.net
89,Jasmine Mosley,1973-01-29,"185 Connor Fort, West Cassiefurt, WI 43279",walterskristen@example.com
90,Henry Pugh MD,1991-11-07,"431 Joseph Light, Lake Peter, MN 14466",smithkyle@example.com
91,Ashley Miller,1978-05-05,"01581 Shields Bridge Suite 661, New Adriana, TX 50404",dominicturner@example.com
92,Christopher Hill,1971-05-21,"3799 Stephen Dale Suite 065, Brockmouth, NV 44375",pochoa@example.net
93,Frank Valentine,1966-02-22,"4793 Bennett Viaduct Suite 519, New Wendy, HI 89854",bentonsteven@example.net
94,Robert Guerra,1959-03-01,"724 Johnny Drives Suite 617, Aguilarside, NY 91164",ystephens@example.com
95,Robin Wheeler,2003-12-18,"529 Anna Rue, Rasmussenmouth, WY 56921",smithjonathan@example.net
96,Kristin Watts,1967-03-19,"982 Cuevas Orchard Apt. 461, Port Sheliaberg, MI 41381",stanley38@example.com
97,Brent Bowen,1979-06-24,"105 Erica Expressway, New Greg, GA 43884",omullen@example.com
98,Charlotte Sandoval,1976-06-19,"9660 Jamie Terrace, New Cristianside, HI 48446",james14@example.net
99,Kelsey Fowler,1987-02-20,"5792 Sellers Ramp, Lake Dennisville, IA 40527",whiteheather@example.net
100,Kyle Andrews,1977-02-12,"274 Jacob Ville, Harveystad, AL 64019",jamescruz@example.net
